,x_value,y_value
0,0.1939652153591922,0.22389660404817813
1,0.2683951120944156,0.7593929248726128
2,0.8186576336945011,0.00452033010486752
3,0.05766830149710678,0.016818302917549932
4,0.9971045897551869,0.9796631569065779
5,0.8150861935828039,0.9695032370149113
6,0.027801752121319412,0.11541819320985958
7,0.8487229513478288,0.008938336041724115
8,0.44817508863786026,0.3422520930164571
9,0.647553404075068,0.7593545979528519
