,x_value,y_value
0,0.7114576203819711,0.674161675669434
1,0.9867286939904658,0.08608131795647311
2,0.7002068463007665,0.7776963409581163
3,0.8851399981751634,0.5889048261236636
4,0.9218581019223645,0.9242953140920205
5,0.46261314227452277,0.4131179345823912
6,0.7640024221416459,0.7310839058426528
7,0.8659944958058591,0.7114853868851698
8,0.49087825776167615,0.06228167348922764
9,0.15428859643271176,0.528449959145607
